time;avg_velo;frac_wait;numb_cars
60.049999999998725;0.0;0.0;5
120.04999999999532;0.0;0.0;5
180.00000000000668;9.519111818745653;0.0;5
240.00000000002032;0.0;0.0;5
300.00000000003394;0.0;0.0;5
360.0000000000476;0.0;0.0;5
420.0000000000612;0.0;0.0;5
480.00000000007486;4.653378365225484;0.0;5
540.0000000000566;0.1;0.0;5
600.000000000002;0.0;0.0;5
