time;avg_velo;frac_wait;numb_cars
60.049999999998725;0.0;0.0;5
120.04999999999532;0.0;0.0;5
180.00000000000668;5.950293647181358;0.0;5
240.00000000002032;0.0;0.0;5
300.00000000003394;0.0;0.0;5
