time;avg_velo;frac_wait;numb_cars
60.049999999998725;0.0;0.0;4
120.04999999999532;0.0;0.0;4
