time;avg_velo;frac_wait;numb_cars
60.049999999998725;0.17875498949713983;0.0;12
120.04999999999532;0.08589259742490717;0.0;12
180.00000000000668;0.0408426605858096;0.0;12
240.00000000002032;0.0;0.0;12
