time;avg_velo;frac_wait;numb_cars
60.049999999998725;1.4302181724020342;0.0;40
120.04999999999532;2.9266889224030326;0.0;40
180.00000000000668;2.2722719014428714;0.0;40
240.00000000002032;1.3102049103142808;0.0;40
300.00000000003394;0.03997594116452889;0.0;40
360.0000000000476;0.18174946295876654;0.0;40
420.0000000000612;2.034188562491478;0.0;40
